Software Version:,1.06 Rev 101,,,,,,,,,,,,,,,,,,
Date:,01/23/2022 14:01:54,,,,,,,,,,,,,,,,,,
===============,,,,,,,,,,,,,,,,,,,
Analyzer,Protocol Name,Protocol Date,Protocol Date End,Protocol Type,Vial Size,Operator,Comments,Performed By Certified FSE,,,,,,,,,,,
1566,RAJ_Ponds_22.01.21,01/21/2022 14:51:01,01/23/2022 13:39:53,Autosampler,17,,,,,,,,,,,,,,
,,,,,,,,,,,,,,,,,,,
Sample Name,Lot #,Sample Type,Start Time,End Time,Vial #,Turbo,Autoreagents,ICR,Flush Time (sec),TOC Average (ppb),TOC Standard Deviation (ppb),TOC RSD (%),IC Average (ppb),IC Standard Deviation (ppb),IC RSD (%),TC Average (ppb),TC Standard Deviation (ppb),TC RSD (%),
Blank,blk,Blank,01/21/2022 14:51:14,01/21/2022 15:18:57,1,False,True,False,240,45.9,1.55,3.38,83.4,5.77,6.92,129,4.51,3.49,
Rep #,Rejected,Start Time,End Time,TOC (ppb),IC (ppb),TC (ppb),Acid Rate (?L/min),Oxid Rate (?L/min),,,,,,,,,,,
1,,01/21/2022 14:51:14,01/21/2022 15:12:57,34.5,92.5,127,0.3,0,,,,,,,,,,,
2,,01/21/2022 15:12:57,01/21/2022 15:14:57,44.2,89.8,134,0.3,0,,,,,,,,,,,
3,,01/21/2022 15:14:57,01/21/2022 15:16:57,47.2,81.8,129,0.3,0,,,,,,,,,,,
4,,01/21/2022 15:16:57,01/21/2022 15:18:57,46.4,78.6,125,0.3,0,,,,,,,,,,,
,,,,,,,,,,,,,,,,,,,
Blank,blk,Blank,01/21/2022 15:19:11,01/21/2022 15:47:28,2,False,True,False,240,57.8,1.95,3.37,78.2,4.36,5.57,136,2.65,1.95,
Rep #,Rejected,Start Time,End Time,TOC (ppb),IC (ppb),TC (ppb),Acid Rate (?L/min),Oxid Rate (?L/min),,,,,,,,,,,
1,,01/21/2022 15:19:11,01/21/2022 15:41:28,45.3,81.7,127,0.3,0,,,,,,,,,,,
2,,01/21/2022 15:41:28,01/21/2022 15:43:28,55.6,82.4,138,0.3,0,,,,,,,,,,,
3,,01/21/2022 15:43:28,01/21/2022 15:45:28,58.5,78.5,137,0.3,0,,,,,,,,,,,
4,,01/21/2022 15:45:28,01/21/2022 15:47:28,59.3,73.7,133,0.3,0,,,,,,,,,,,
,,,,,,,,,,,,,,,,,,,
A143,E20,Sample,01/21/2022 15:47:42,01/21/2022 16:15:59,3,False,True,False,240,7500,36.1,0.48,260,1.15,0.44,7760,36.1,0.46,
Rep #,Rejected,Start Time,End Time,TOC (ppb),IC (ppb),TC (ppb),Acid Rate (?L/min),Oxid Rate (?L/min),,,,,,,,,,,
1,,01/21/2022 15:47:42,01/21/2022 16:09:59,7450,254,7700,1,1.4,,,,,,,,,,,
2,,01/21/2022 16:09:59,01/21/2022 16:11:59,7460,259,7720,1,1.4,,,,,,,,,,,
3,,01/21/2022 16:11:59,01/21/2022 16:14:00,7530,261,7790,1,1.4,,,,,,,,,,,
4,,01/21/2022 16:14:00,01/21/2022 16:15:59,7510,261,7770,1,1.4,,,,,,,,,,,
,,,,,,,,,,,,,,,,,,,
A146,E20,Sample,01/21/2022 16:16:13,01/21/2022 16:44:19,4,False,True,False,240,23900,231,0.97,242,1.53,0.63,24100,231,0.96,
Rep #,Rejected,Start Time,End Time,TOC (ppb),IC (ppb),TC (ppb),Acid Rate (?L/min),Oxid Rate (?L/min),,,,,,,,,,,
1,,01/21/2022 16:16:13,01/21/2022 16:38:19,23800,237,24000,1,4,,,,,,,,,,,
2,,01/21/2022 16:38:19,01/21/2022 16:40:19,23600,240,23800,1,4,,,,,,,,,,,
3,,01/21/2022 16:40:19,01/21/2022 16:42:19,24000,242,24200,1,4,,,,,,,,,,,
4,,01/21/2022 16:42:19,01/21/2022 16:44:19,24000,243,24200,1,4,,,,,,,,,,,
,,,,,,,,,,,,,,,,,,,
A148,E20,Sample,01/21/2022 16:44:32,01/21/2022 17:12:40,5,False,True,False,240,7160,5.77,0.08,256,1,0.39,7420,10,0.13,
Rep #,Rejected,Start Time,End Time,TOC (ppb),IC (ppb),TC (ppb),Acid Rate (?L/min),Oxid Rate (?L/min),,,,,,,,,,,
1,,01/21/2022 16:44:32,01/21/2022 17:06:41,7120,251,7370,1,1.4,,,,,,,,,,,
2,,01/21/2022 17:06:41,01/21/2022 17:08:40,7160,255,7410,1,1.4,,,,,,,,,,,
3,,01/21/2022 17:08:40,01/21/2022 17:10:41,7160,256,7420,1,1.4,,,,,,,,,,,
4,,01/21/2022 17:10:41,01/21/2022 17:12:40,7170,257,7430,1,1.4,,,,,,,,,,,
,,,,,,,,,,,,,,,,,,,
A150,E20,Sample,01/21/2022 17:12:54,01/21/2022 17:40:59,6,False,True,False,240,7190,11.5,0.16,572,9.85,1.72,7760,20,0.26,
Rep #,Rejected,Start Time,End Time,TOC (ppb),IC (ppb),TC (ppb),Acid Rate (?L/min),Oxid Rate (?L/min),,,,,,,,,,,
1,,01/21/2022 17:12:54,01/21/2022 17:34:59,7150,547,7700,1,1.4,,,,,,,,,,,
2,,01/21/2022 17:34:59,01/21/2022 17:36:59,7180,561,7740,1,1.4,,,,,,,,,,,
3,,01/21/2022 17:36:59,01/21/2022 17:38:59,7180,575,7760,1,1.4,,,,,,,,,,,
4,,01/21/2022 17:38:59,01/21/2022 17:40:59,7200,580,7780,1,1.4,,,,,,,,,,,
,,,,,,,,,,,,,,,,,,,
A153,E20,Sample,01/21/2022 17:41:12,01/21/2022 18:09:17,7,False,True,False,240,7500,20.8,0.28,225,0.58,0.26,7730,15.3,0.2,
Rep #,Rejected,Start Time,End Time,TOC (ppb),IC (ppb),TC (ppb),Acid Rate (?L/min),Oxid Rate (?L/min),,,,,,,,,,,
1,,01/21/2022 17:41:12,01/21/2022 18:03:17,7460,222,7680,1,1.4,,,,,,,,,,,
2,,01/21/2022 18:03:17,01/21/2022 18:05:17,7510,224,7730,1,1.4,,,,,,,,,,,
3,,01/21/2022 18:05:17,01/21/2022 18:07:17,7520,225,7740,1,1.4,,,,,,,,,,,
4,,01/21/2022 18:07:17,01/21/2022 18:09:17,7480,225,7710,1,1.4,,,,,,,,,,,
,,,,,,,,,,,,,,,,,,,
A155,E20,Sample,01/21/2022 18:09:31,01/21/2022 18:37:37,8,False,True,False,240,16200,< 0.03,< 0.03,204,0.58,0.28,16400,0,0,
Rep #,Rejected,Start Time,End Time,TOC (ppb),IC (ppb),TC (ppb),Acid Rate (?L/min),Oxid Rate (?L/min),,,,,,,,,,,
1,,01/21/2022 18:09:31,01/21/2022 18:31:37,16100,201,16300,1,2.8,,,,,,,,,,,
2,,01/21/2022 18:31:37,01/21/2022 18:33:37,16200,204,16400,1,2.8,,,,,,,,,,,
3,,01/21/2022 18:33:37,01/21/2022 18:35:36,16200,204,16400,1,2.8,,,,,,,,,,,
4,,01/21/2022 18:35:36,01/21/2022 18:37:37,16200,205,16400,1,2.8,,,,,,,,,,,
,,,,,,,,,,,,,,,,,,,
A157,E20,Sample,01/21/2022 18:37:50,01/21/2022 19:05:57,9,False,True,False,240,8090,45.8,0.57,232,1,0.43,8320,45.8,0.55,
Rep #,Rejected,Start Time,End Time,TOC (ppb),IC (ppb),TC (ppb),Acid Rate (?L/min),Oxid Rate (?L/min),,,,,,,,,,,
1,,01/21/2022 18:37:50,01/21/2022 18:59:57,8050,228,8280,1,1.6,,,,,,,,,,,
2,,01/21/2022 18:59:57,01/21/2022 19:01:57,8130,231,8360,1,1.6,,,,,,,,,,,
3,,01/21/2022 19:01:57,01/21/2022 19:03:57,8040,232,8270,1,1.6,,,,,,,,,,,
4,,01/21/2022 19:03:57,01/21/2022 19:05:57,8100,233,8330,1,1.6,,,,,,,,,,,
,,,,,,,,,,,,,,,,,,,
A160,E20,Sample,01/21/2022 19:06:11,01/21/2022 19:34:16,10,False,True,False,240,8420,20.8,0.25,301,3.61,1.2,8720,17.3,0.2,
Rep #,Rejected,Start Time,End Time,TOC (ppb),IC (ppb),TC (ppb),Acid Rate (?L/min),Oxid Rate (?L/min),,,,,,,,,,,
1,,01/21/2022 19:06:11,01/21/2022 19:28:16,8310,299,8610,1,1.6,,,,,,,,,,,
2,,01/21/2022 19:28:16,01/21/2022 19:30:17,8440,298,8740,1,1.6,,,,,,,,,,,
3,,01/21/2022 19:30:17,01/21/2022 19:32:16,8410,300,8710,1,1.6,,,,,,,,,,,
4,,01/21/2022 19:32:16,01/21/2022 19:34:16,8400,305,8710,1,1.6,,,,,,,,,,,
,,,,,,,,,,,,,,,,,,,
A162,E20,Sample,01/21/2022 19:34:32,01/21/2022 20:02:38,11,False,True,False,240,8420,52.9,0.63,1260,40.4,3.2,9680,25.2,0.26,
Rep #,Rejected,Start Time,End Time,TOC (ppb),IC (ppb),TC (ppb),Acid Rate (?L/min),Oxid Rate (?L/min),,,,,,,,,,,
1,,01/21/2022 19:34:32,01/21/2022 19:56:38,8360,1160,9520,1,1.6,,,,,,,,,,,
2,,01/21/2022 19:56:38,01/21/2022 19:58:38,8460,1220,9680,1,1.6,,,,,,,,,,,
3,,01/21/2022 19:58:38,01/21/2022 20:00:38,8440,1270,9710,1,1.6,,,,,,,,,,,
4,,01/21/2022 20:00:38,01/21/2022 20:02:38,8360,1300,9660,1,1.6,,,,,,,,,,,
,,,,,,,,,,,,,,,,,,,
A164,E20,Sample,01/21/2022 20:02:52,01/21/2022 20:30:57,12,False,True,False,240,8710,5.77,0.07,237,0.58,0.24,8950,5.77,0.06,
Rep #,Rejected,Start Time,End Time,TOC (ppb),IC (ppb),TC (ppb),Acid Rate (?L/min),Oxid Rate (?L/min),,,,,,,,,,,
1,,01/21/2022 20:02:52,01/21/2022 20:24:57,8640,236,8880,1,1.7,,,,,,,,,,,
2,,01/21/2022 20:24:57,01/21/2022 20:26:57,8710,237,8950,1,1.7,,,,,,,,,,,
3,,01/21/2022 20:26:57,01/21/2022 20:28:57,8710,237,8950,1,1.7,,,,,,,,,,,
4,,01/21/2022 20:28:57,01/21/2022 20:30:57,8700,238,8940,1,1.7,,,,,,,,,,,
,,,,,,,,,,,,,,,,,,,
A167,E20,Sample,01/21/2022 20:31:11,01/21/2022 20:59:17,13,False,True,False,240,9240,5.77,0.06,227,1,0.44,9470,5.77,0.06,
Rep #,Rejected,Start Time,End Time,TOC (ppb),IC (ppb),TC (ppb),Acid Rate (?L/min),Oxid Rate (?L/min),,,,,,,,,,,
1,,01/21/2022 20:31:11,01/21/2022 20:53:16,9210,224,9430,1,1.8,,,,,,,,,,,
2,,01/21/2022 20:53:16,01/21/2022 20:55:17,9240,226,9470,1,1.8,,,,,,,,,,,
3,,01/21/2022 20:55:17,01/21/2022 20:57:17,9240,227,9470,1,1.8,,,,,,,,,,,
4,,01/21/2022 20:57:17,01/21/2022 20:59:17,9250,228,9480,1,1.8,,,,,,,,,,,
,,,,,,,,,,,,,,,,,,,
A169,E20,Sample,01/21/2022 20:59:30,01/21/2022 21:27:36,14,False,True,False,240,9260,15.3,0.16,230,1,0.43,9490,15.3,0.16,
Rep #,Rejected,Start Time,End Time,TOC (ppb),IC (ppb),TC (ppb),Acid Rate (?L/min),Oxid Rate (?L/min),,,,,,,,,,,
1,,01/21/2022 20:59:30,01/21/2022 21:21:36,9200,225,9420,1,1.8,,,,,,,,,,,
2,,01/21/2022 21:21:36,01/21/2022 21:23:36,9250,229,9480,1,1.8,,,,,,,,,,,
3,,01/21/2022 21:23:36,01/21/2022 21:25:36,9260,230,9490,1,1.8,,,,,,,,,,,
4,,01/21/2022 21:25:36,01/21/2022 21:27:36,9280,231,9510,1,1.8,,,,,,,,,,,
,,,,,,,,,,,,,,,,,,,
Blank,blk,Blank,01/21/2022 21:27:49,01/21/2022 21:55:54,15,False,True,False,240,118,12.3,10.5,66,7.8,11.8,184,20.2,11,
Rep #,Rejected,Start Time,End Time,TOC (ppb),IC (ppb),TC (ppb),Acid Rate (?L/min),Oxid Rate (?L/min),,,,,,,,,,,
1,,01/21/2022 21:27:49,01/21/2022 21:49:54,121,77.2,198,0.3,0,,,,,,,,,,,
2,,01/21/2022 21:49:54,01/21/2022 21:51:54,128,73.8,202,0.3,0,,,,,,,,,,,
3,,01/21/2022 21:51:54,01/21/2022 21:53:55,121,66,187,0.3,0,,,,,,,,,,,
4,,01/21/2022 21:53:55,01/21/2022 21:55:54,104,58.2,162,0.3,0,,,,,,,,,,,
,,,,,,,,,,,,,,,,,,,
A171,E20,Sample,01/21/2022 21:56:08,01/21/2022 22:24:25,16,False,True,False,240,9900,< 0.03,< 0.03,299,0.58,0.19,10200,0,0,
Rep #,Rejected,Start Time,End Time,TOC (ppb),IC (ppb),TC (ppb),Acid Rate (?L/min),Oxid Rate (?L/min),,,,,,,,,,,
1,,01/21/2022 21:56:08,01/21/2022 22:18:25,9900,301,10200,1,1.9,,,,,,,,,,,
2,,01/21/2022 22:18:25,01/21/2022 22:20:25,9900,298,10200,1,1.9,,,,,,,,,,,
3,,01/21/2022 22:20:25,01/21/2022 22:22:25,9900,299,10200,1,1.9,,,,,,,,,,,
4,,01/21/2022 22:22:25,01/21/2022 22:24:25,9900,299,10200,1,1.9,,,,,,,,,,,
,,,,,,,,,,,,,,,,,,,
A174,E20,Sample,01/21/2022 22:24:38,01/21/2022 22:52:44,17,False,True,False,240,38600,379,0.98,206,0.58,0.28,38800,379,0.98,
Rep #,Rejected,Start Time,End Time,TOC (ppb),IC (ppb),TC (ppb),Acid Rate (?L/min),Oxid Rate (?L/min),,,,,,,,,,,
1,,01/21/2022 22:24:38,01/21/2022 22:46:44,38000,203,38200,1,7.2,,,,,,,,,,,
2,,01/21/2022 22:46:44,01/21/2022 22:48:44,38300,205,38500,1,7.2,,,,,,,,,,,
3,,01/21/2022 22:48:44,01/21/2022 22:50:45,39000,206,39200,1,7.2,,,,,,,,,,,
4,,01/21/2022 22:50:45,01/21/2022 22:52:44,38400,206,38600,1,7.2,,,,,,,,,,,
,,,,,,,,,,,,,,,,,,,
A175,E20,Sample,01/21/2022 22:52:58,01/21/2022 23:21:11,18,False,True,False,240,16700,< 0.03,< 0.03,199,0.58,0.29,16900,0,0,
Rep #,Rejected,Start Time,End Time,TOC (ppb),IC (ppb),TC (ppb),Acid Rate (?L/min),Oxid Rate (?L/min),,,,,,,,,,,
1,,01/21/2022 22:52:58,01/21/2022 23:15:11,16700,195,16900,1,2.9,,,,,,,,,,,
2,,01/21/2022 23:15:11,01/21/2022 23:17:11,16700,199,16900,1,2.9,,,,,,,,,,,
3,,01/21/2022 23:17:11,01/21/2022 23:19:11,16700,199,16900,1,2.9,,,,,,,,,,,
4,,01/21/2022 23:19:11,01/21/2022 23:21:11,16700,200,16900,1,2.9,,,,,,,,,,,
,,,,,,,,,,,,,,,,,,,
A176,E20,Sample,01/21/2022 23:21:25,01/21/2022 23:49:33,19,False,True,False,240,27500,57.7,0.21,204,0.58,0.28,27700,57.7,0.21,
Rep #,Rejected,Start Time,End Time,TOC (ppb),IC (ppb),TC (ppb),Acid Rate (?L/min),Oxid Rate (?L/min),,,,,,,,,,,
1,,01/21/2022 23:21:25,01/21/2022 23:43:32,27300,201,27500,1,4.9,,,,,,,,,,,
2,,01/21/2022 23:43:32,01/21/2022 23:45:33,27400,204,27600,1,4.9,,,,,,,,,,,
3,,01/21/2022 23:45:33,01/21/2022 23:47:32,27500,204,27700,1,4.9,,,,,,,,,,,
4,,01/21/2022 23:47:32,01/21/2022 23:49:33,27500,205,27700,1,4.9,,,,,,,,,,,
,,,,,,,,,,,,,,,,,,,
A177,E20,Sample,01/21/2022 23:49:47,01/22/2022 00:17:57,20,False,True,False,240,16800,100,0.6,202,0.58,0.29,17000,100,0.59,
Rep #,Rejected,Start Time,End Time,TOC (ppb),IC (ppb),TC (ppb),Acid Rate (?L/min),Oxid Rate (?L/min),,,,,,,,,,,
1,,01/21/2022 23:49:47,01/22/2022 00:11:57,16800,198,17000,1,2.9,,,,,,,,,,,
2,,01/22/2022 00:11:57,01/22/2022 00:13:57,16700,201,16900,1,2.9,,,,,,,,,,,
3,,01/22/2022 00:13:57,01/22/2022 00:15:57,16900,202,17100,1,2.9,,,,,,,,,,,
4,,01/22/2022 00:15:57,01/22/2022 00:17:57,16800,202,17000,1,2.9,,,,,,,,,,,
,,,,,,,,,,,,,,,,,,,
A178,E20,Sample,01/22/2022 00:18:12,01/22/2022 00:46:19,21,False,True,False,240,17100,57.7,0.34,208,1.15,0.55,17300,57.7,0.33,
Rep #,Rejected,Start Time,End Time,TOC (ppb),IC (ppb),TC (ppb),Acid Rate (?L/min),Oxid Rate (?L/min),,,,,,,,,,,
1,,01/22/2022 00:18:12,01/22/2022 00:40:19,17200,205,17400,1,2.9,,,,,,,,,,,
2,,01/22/2022 00:40:19,01/22/2022 00:42:19,17200,207,17400,1,2.9,,,,,,,,,,,
3,,01/22/2022 00:42:19,01/22/2022 00:44:19,17100,209,17300,1,2.9,,,,,,,,,,,
4,,01/22/2022 00:44:19,01/22/2022 00:46:19,17100,209,17300,1,2.9,,,,,,,,,,,
,,,,,,,,,,,,,,,,,,,
A181,E20,Sample,01/22/2022 00:46:33,01/22/2022 01:14:41,22,False,True,False,240,18600,57.7,0.31,200,0,0,18800,57.7,0.31,
Rep #,Rejected,Start Time,End Time,TOC (ppb),IC (ppb),TC (ppb),Acid Rate (?L/min),Oxid Rate (?L/min),,,,,,,,,,,
1,,01/22/2022 00:46:33,01/22/2022 01:08:41,18600,196,18800,1,3.2,,,,,,,,,,,
2,,01/22/2022 01:08:41,01/22/2022 01:10:41,18600,200,18800,1,3.2,,,,,,,,,,,
3,,01/22/2022 01:10:41,01/22/2022 01:12:41,18500,200,18700,1,3.2,,,,,,,,,,,
4,,01/22/2022 01:12:41,01/22/2022 01:14:41,18600,200,18800,1,3.2,,,,,,,,,,,
,,,,,,,,,,,,,,,,,,,
A183,E20,Sample,01/22/2022 01:14:55,01/22/2022 01:43:02,23,False,True,False,240,22200,57.7,0.26,202,0.58,0.29,22400,57.7,0.26,
Rep #,Rejected,Start Time,End Time,TOC (ppb),IC (ppb),TC (ppb),Acid Rate (?L/min),Oxid Rate (?L/min),,,,,,,,,,,
1,,01/22/2022 01:14:55,01/22/2022 01:37:02,22200,199,22400,1,3.9,,,,,,,,,,,
2,,01/22/2022 01:37:02,01/22/2022 01:39:02,22200,202,22400,1,3.9,,,,,,,,,,,
3,,01/22/2022 01:39:02,01/22/2022 01:41:02,22200,202,22400,1,3.9,,,,,,,,,,,
4,,01/22/2022 01:41:02,01/22/2022 01:43:02,22300,203,22500,1,3.9,,,,,,,,,,,
,,,,,,,,,,,,,,,,,,,
A185,E20,Sample,01/22/2022 01:43:16,01/22/2022 02:11:25,24,False,True,False,240,14900,< 0.03,< 0.03,199,1,0.5,15100,0,0,
Rep #,Rejected,Start Time,End Time,TOC (ppb),IC (ppb),TC (ppb),Acid Rate (?L/min),Oxid Rate (?L/min),,,,,,,,,,,
1,,01/22/2022 01:43:16,01/22/2022 02:05:25,14900,196,15100,1,2.6,,,,,,,,,,,
2,,01/22/2022 02:05:25,01/22/2022 02:07:25,14900,198,15100,1,2.6,,,,,,,,,,,
3,,01/22/2022 02:07:25,01/22/2022 02:09:25,14900,199,15100,1,2.6,,,,,,,,,,,
4,,01/22/2022 02:09:25,01/22/2022 02:11:25,14900,200,15100,1,2.6,,,,,,,,,,,
,,,,,,,,,,,,,,,,,,,
A188,E20,Sample,01/22/2022 02:11:38,01/22/2022 02:39:45,25,False,True,False,240,18100,< 0.03,< 0.03,205,0.58,0.28,18300,0,0,
Rep #,Rejected,Start Time,End Time,TOC (ppb),IC (ppb),TC (ppb),Acid Rate (?L/min),Oxid Rate (?L/min),,,,,,,,,,,
1,,01/22/2022 02:11:38,01/22/2022 02:33:45,18200,202,18400,1,3.1,,,,,,,,,,,
2,,01/22/2022 02:33:45,01/22/2022 02:35:45,18100,204,18300,1,3.1,,,,,,,,,,,
3,,01/22/2022 02:35:45,01/22/2022 02:37:45,18100,205,18300,1,3.1,,,,,,,,,,,
4,,01/22/2022 02:37:45,01/22/2022 02:39:45,18100,205,18300,1,3.1,,,,,,,,,,,
,,,,,,,,,,,,,,,,,,,
A190,E20,Sample,01/22/2022 02:39:59,01/22/2022 03:08:06,26,False,True,False,240,22700,115,0.51,207,0.58,0.28,22900,115,0.5,
Rep #,Rejected,Start Time,End Time,TOC (ppb),IC (ppb),TC (ppb),Acid Rate (?L/min),Oxid Rate (?L/min),,,,,,,,,,,
1,,01/22/2022 02:39:59,01/22/2022 03:02:05,22800,203,23000,1,3.9,,,,,,,,,,,
2,,01/22/2022 03:02:05,01/22/2022 03:04:06,22600,206,22800,1,3.9,,,,,,,,,,,
3,,01/22/2022 03:04:06,01/22/2022 03:06:06,22600,207,22800,1,3.9,,,,,,,,,,,
4,,01/22/2022 03:06:06,01/22/2022 03:08:06,22800,207,23000,1,3.9,,,,,,,,,,,
,,,,,,,,,,,,,,,,,,,
A192,E20,Sample,01/22/2022 03:08:19,01/22/2022 03:36:28,27,False,True,False,240,22900,115,0.5,209,0.58,0.28,23100,115,0.5,
Rep #,Rejected,Start Time,End Time,TOC (ppb),IC (ppb),TC (ppb),Acid Rate (?L/min),Oxid Rate (?L/min),,,,,,,,,,,
1,,01/22/2022 03:08:19,01/22/2022 03:30:28,22700,206,22900,1,4,,,,,,,,,,,
2,,01/22/2022 03:30:28,01/22/2022 03:32:28,22800,209,23000,1,4,,,,,,,,,,,
3,,01/22/2022 03:32:28,01/22/2022 03:34:28,23000,209,23200,1,4,,,,,,,,,,,
4,,01/22/2022 03:34:28,01/22/2022 03:36:28,22800,210,23000,1,4,,,,,,,,,,,
,,,,,,,,,,,,,,,,,,,
Blank,blk,Blank,01/22/2022 03:36:42,01/22/2022 04:04:51,28,False,True,False,240,148,3.51,2.37,73.2,6.91,9.44,222,10.5,4.74,
Rep #,Rejected,Start Time,End Time,TOC (ppb),IC (ppb),TC (ppb),Acid Rate (?L/min),Oxid Rate (?L/min),,,,,,,,,,,
1,,01/22/2022 03:36:42,01/22/2022 03:58:50,140,71.9,212,0.3,0,,,,,,,,,,,
2,,01/22/2022 03:58:50,01/22/2022 04:00:51,152,79.9,232,0.3,0,,,,,,,,,,,
3,,01/22/2022 04:00:51,01/22/2022 04:02:50,148,73.6,222,0.3,0,,,,,,,,,,,
4,,01/22/2022 04:02:50,01/22/2022 04:04:51,145,66.1,211,0.3,0,,,,,,,,,,,
,,,,,,,,,,,,,,,,,,,
A195,E20,Sample,01/22/2022 04:05:04,01/22/2022 04:33:22,29,False,True,False,240,23100,231,1,203,0.58,0.28,23300,231,0.99,
Rep #,Rejected,Start Time,End Time,TOC (ppb),IC (ppb),TC (ppb),Acid Rate (?L/min),Oxid Rate (?L/min),,,,,,,,,,,
1,,01/22/2022 04:05:04,01/22/2022 04:27:22,22700,199,22900,1,4,,,,,,,,,,,
2,,01/22/2022 04:27:22,01/22/2022 04:29:22,23400,203,23600,1,4,,,,,,,,,,,
3,,01/22/2022 04:29:22,01/22/2022 04:31:22,23000,203,23200,1,4,,,,,,,,,,,
4,,01/22/2022 04:31:22,01/22/2022 04:33:22,23000,204,23200,1,4,,,,,,,,,,,
,,,,,,,,,,,,,,,,,,,
A197,E20,Sample,01/22/2022 04:33:36,01/22/2022 05:01:46,30,False,True,False,240,18800,100,0.53,202,1,0.5,19000,100,0.53,
Rep #,Rejected,Start Time,End Time,TOC (ppb),IC (ppb),TC (ppb),Acid Rate (?L/min),Oxid Rate (?L/min),,,,,,,,,,,
1,,01/22/2022 04:33:36,01/22/2022 04:55:46,18700,199,18900,1,3.2,,,,,,,,,,,
2,,01/22/2022 04:55:46,01/22/2022 04:57:46,18700,201,18900,1,3.2,,,,,,,,,,,
3,,01/22/2022 04:57:46,01/22/2022 04:59:46,18800,202,19000,1,3.2,,,,,,,,,,,
4,,01/22/2022 04:59:46,01/22/2022 05:01:46,18900,203,19100,1,3.2,,,,,,,,,,,
,,,,,,,,,,,,,,,,,,,
A199,E20,Sample,01/22/2022 05:02:02,01/22/2022 05:30:09,31,False,True,False,240,15700,< 0.03,< 0.03,198,0.58,0.29,15900,0,0,
Rep #,Rejected,Start Time,End Time,TOC (ppb),IC (ppb),TC (ppb),Acid Rate (?L/min),Oxid Rate (?L/min),,,,,,,,,,,
1,,01/22/2022 05:02:02,01/22/2022 05:24:09,15700,195,15900,1,2.7,,,,,,,,,,,
2,,01/22/2022 05:24:09,01/22/2022 05:26:09,15700,197,15900,1,2.7,,,,,,,,,,,
3,,01/22/2022 05:26:09,01/22/2022 05:28:09,15700,198,15900,1,2.7,,,,,,,,,,,
4,,01/22/2022 05:28:09,01/22/2022 05:30:09,15700,198,15900,1,2.7,,,,,,,,,,,
,,,,,,,,,,,,,,,,,,,
A202,E20,Sample,01/22/2022 05:30:23,01/22/2022 05:58:30,32,False,True,False,240,27800,208,0.75,204,0,0,28000,208,0.74,
Rep #,Rejected,Start Time,End Time,TOC (ppb),IC (ppb),TC (ppb),Acid Rate (?L/min),Oxid Rate (?L/min),,,,,,,,,,,
1,,01/22/2022 05:30:23,01/22/2022 05:52:30,27600,202,27800,1,5,,,,,,,,,,,
2,,01/22/2022 05:52:30,01/22/2022 05:54:30,27600,204,27800,1,5,,,,,,,,,,,
3,,01/22/2022 05:54:30,01/22/2022 05:56:31,28000,204,28200,1,5,,,,,,,,,,,
4,,01/22/2022 05:56:31,01/22/2022 05:58:30,27700,204,27900,1,5,,,,,,,,,,,
,,,,,,,,,,,,,,,,,,,
A204,E20,Sample,01/22/2022 05:58:44,01/22/2022 06:26:54,33,False,True,False,240,21700,57.7,0.27,201,0.58,0.29,21900,57.7,0.26,
Rep #,Rejected,Start Time,End Time,TOC (ppb),IC (ppb),TC (ppb),Acid Rate (?L/min),Oxid Rate (?L/min),,,,,,,,,,,
1,,01/22/2022 05:58:44,01/22/2022 06:20:54,21600,198,21800,1,3.8,,,,,,,,,,,
2,,01/22/2022 06:20:54,01/22/2022 06:22:54,21700,201,21900,1,3.8,,,,,,,,,,,
3,,01/22/2022 06:22:54,01/22/2022 06:24:54,21700,200,21900,1,3.8,,,,,,,,,,,
4,,01/22/2022 06:24:54,01/22/2022 06:26:54,21600,201,21800,1,3.8,,,,,,,,,,,
,,,,,,,,,,,,,,,,,,,
A206,E20,Sample,01/22/2022 06:27:08,01/22/2022 06:55:17,34,False,True,False,240,20000,100,0.5,200,1.15,0.58,20200,100,0.5,
Rep #,Rejected,Start Time,End Time,TOC (ppb),IC (ppb),TC (ppb),Acid Rate (?L/min),Oxid Rate (?L/min),,,,,,,,,,,
1,,01/22/2022 06:27:08,01/22/2022 06:49:17,20200,198,20400,1,3.4,,,,,,,,,,,
2,,01/22/2022 06:49:17,01/22/2022 06:51:16,20000,199,20200,1,3.4,,,,,,,,,,,
3,,01/22/2022 06:51:16,01/22/2022 06:53:17,20100,201,20300,1,3.4,,,,,,,,,,,
4,,01/22/2022 06:53:17,01/22/2022 06:55:17,19900,201,20100,1,3.4,,,,,,,,,,,
,,,,,,,,,,,,,,,,,,,
A209,E20,Sample,01/22/2022 06:55:30,01/22/2022 07:23:38,35,False,True,False,240,31700,404,1.28,208,1,0.48,31900,404,1.27,
Rep #,Rejected,Start Time,End Time,TOC (ppb),IC (ppb),TC (ppb),Acid Rate (?L/min),Oxid Rate (?L/min),,,,,,,,,,,
1,,01/22/2022 06:55:30,01/22/2022 07:17:38,31200,204,31400,1,5.8,,,,,,,,,,,
2,,01/22/2022 07:17:38,01/22/2022 07:19:38,31300,207,31500,1,5.8,,,,,,,,,,,
3,,01/22/2022 07:19:38,01/22/2022 07:21:38,32100,208,32300,1,5.8,,,,,,,,,,,
4,,01/22/2022 07:21:38,01/22/2022 07:23:38,31600,209,31800,1,5.8,,,,,,,,,,,
,,,,,,,,,,,,,,,,,,,
A210,E20,Sample,01/22/2022 07:23:51,01/22/2022 07:52:03,36,False,True,False,240,18400,115,0.63,204,1,0.49,18600,115,0.62,
Rep #,Rejected,Start Time,End Time,TOC (ppb),IC (ppb),TC (ppb),Acid Rate (?L/min),Oxid Rate (?L/min),,,,,,,,,,,
1,,01/22/2022 07:23:51,01/22/2022 07:46:02,18500,200,18700,1,3.1,,,,,,,,,,,
2,,01/22/2022 07:46:02,01/22/2022 07:48:03,18500,203,18700,1,3.1,,,,,,,,,,,
3,,01/22/2022 07:48:03,01/22/2022 07:50:03,18500,204,18700,1,3.1,,,,,,,,,,,
4,,01/22/2022 07:50:03,01/22/2022 07:52:03,18300,205,18500,1,3.1,,,,,,,,,,,
,,,,,,,,,,,,,,,,,,,
A211,E20,Sample,01/22/2022 07:52:16,01/22/2022 08:20:24,37,False,True,False,240,18400,57.7,0.31,201,0,0,18600,57.7,0.31,
Rep #,Rejected,Start Time,End Time,TOC (ppb),IC (ppb),TC (ppb),Acid Rate (?L/min),Oxid Rate (?L/min),,,,,,,,,,,
1,,01/22/2022 07:52:16,01/22/2022 08:14:24,18300,197,18500,1,3.1,,,,,,,,,,,
2,,01/22/2022 08:14:24,01/22/2022 08:16:24,18500,201,18700,1,3.1,,,,,,,,,,,
3,,01/22/2022 08:16:24,01/22/2022 08:18:24,18400,201,18600,1,3.1,,,,,,,,,,,
4,,01/22/2022 08:18:24,01/22/2022 08:20:24,18400,201,18600,1,3.1,,,,,,,,,,,
,,,,,,,,,,,,,,,,,,,
A212,E20,Sample,01/22/2022 08:20:38,01/22/2022 08:48:46,38,False,True,False,240,26300,153,0.58,207,1,0.48,26500,153,0.58,
Rep #,Rejected,Start Time,End Time,TOC (ppb),IC (ppb),TC (ppb),Acid Rate (?L/min),Oxid Rate (?L/min),,,,,,,,,,,
1,,01/22/2022 08:20:38,01/22/2022 08:42:45,26000,203,26200,1,4.6,,,,,,,,,,,
2,,01/22/2022 08:42:45,01/22/2022 08:44:46,26200,206,26400,1,4.6,,,,,,,,,,,
3,,01/22/2022 08:44:46,01/22/2022 08:46:46,26300,207,26500,1,4.6,,,,,,,,,,,
4,,01/22/2022 08:46:46,01/22/2022 08:48:46,26500,208,26700,1,4.6,,,,,,,,,,,
,,,,,,,,,,,,,,,,,,,
A213,E20,Sample,01/22/2022 08:48:59,01/22/2022 09:17:09,39,False,True,False,240,25300,115,0.46,206,1.53,0.74,25500,115,0.45,
Rep #,Rejected,Start Time,End Time,TOC (ppb),IC (ppb),TC (ppb),Acid Rate (?L/min),Oxid Rate (?L/min),,,,,,,,,,,
1,,01/22/2022 08:48:59,01/22/2022 09:11:09,25000,202,25200,1,4.4,,,,,,,,,,,
2,,01/22/2022 09:11:09,01/22/2022 09:13:09,25200,204,25400,1,4.4,,,,,,,,,,,
3,,01/22/2022 09:13:09,01/22/2022 09:15:09,25400,206,25600,1,4.4,,,,,,,,,,,
4,,01/22/2022 09:15:09,01/22/2022 09:17:09,25200,207,25400,1,4.4,,,,,,,,,,,
,,,,,,,,,,,,,,,,,,,
A216,E20,Sample,01/22/2022 09:17:23,01/22/2022 09:45:33,40,False,True,False,240,19900,57.7,0.29,230,1.15,0.5,20100,57.7,0.29,
Rep #,Rejected,Start Time,End Time,TOC (ppb),IC (ppb),TC (ppb),Acid Rate (?L/min),Oxid Rate (?L/min),,,,,,,,,,,
1,,01/22/2022 09:17:23,01/22/2022 09:39:32,19800,226,20000,1,3.4,,,,,,,,,,,
2,,01/22/2022 09:39:32,01/22/2022 09:41:32,19800,229,20000,1,3.4,,,,,,,,,,,
3,,01/22/2022 09:41:32,01/22/2022 09:43:33,19900,231,20100,1,3.4,,,,,,,,,,,
4,,01/22/2022 09:43:33,01/22/2022 09:45:33,19900,231,20100,1,3.4,,,,,,,,,,,
,,,,,,,,,,,,,,,,,,,
Blank,blk,Blank,01/22/2022 09:45:49,01/22/2022 10:13:57,41,False,True,False,240,164,4.04,2.46,79.8,7.37,9.24,244,11,4.51,
Rep #,Rejected,Start Time,End Time,TOC (ppb),IC (ppb),TC (ppb),Acid Rate (?L/min),Oxid Rate (?L/min),,,,,,,,,,,
1,,01/22/2022 09:45:49,01/22/2022 10:07:57,154,81.6,236,0.3,0,,,,,,,,,,,
2,,01/22/2022 10:07:57,01/22/2022 10:09:57,168,87.5,255,0.3,0,,,,,,,,,,,
3,,01/22/2022 10:09:57,01/22/2022 10:11:57,165,79.1,244,0.3,0,,,,,,,,,,,
4,,01/22/2022 10:11:57,01/22/2022 10:13:57,160,72.8,233,0.3,0,,,,,,,,,,,
,,,,,,,,,,,,,,,,,,,
A218,E20,Sample,01/22/2022 10:14:11,01/22/2022 10:42:30,42,False,True,False,240,25900,153,0.59,201,1,0.5,26100,153,0.59,
Rep #,Rejected,Start Time,End Time,TOC (ppb),IC (ppb),TC (ppb),Acid Rate (?L/min),Oxid Rate (?L/min),,,,,,,,,,,
1,,01/22/2022 10:14:11,01/22/2022 10:36:30,25600,197,25800,1,4.6,,,,,,,,,,,
2,,01/22/2022 10:36:30,01/22/2022 10:38:29,25700,200,25900,1,4.6,,,,,,,,,,,
3,,01/22/2022 10:38:29,01/22/2022 10:40:29,26000,201,26200,1,4.6,,,,,,,,,,,
4,,01/22/2022 10:40:29,01/22/2022 10:42:30,25900,202,26100,1,4.6,,,,,,,,,,,
,,,,,,,,,,,,,,,,,,,
A220,E20,Sample,01/22/2022 10:42:43,01/22/2022 11:10:53,43,False,True,False,240,22200,57.7,0.26,203,1,0.49,22400,57.7,0.26,
Rep #,Rejected,Start Time,End Time,TOC (ppb),IC (ppb),TC (ppb),Acid Rate (?L/min),Oxid Rate (?L/min),,,,,,,,,,,
1,,01/22/2022 10:42:43,01/22/2022 11:04:53,22100,199,22300,1,3.8,,,,,,,,,,,
2,,01/22/2022 11:04:53,01/22/2022 11:06:53,22200,202,22400,1,3.8,,,,,,,,,,,
3,,01/22/2022 11:06:53,01/22/2022 11:08:53,22200,204,22400,1,3.8,,,,,,,,,,,
4,,01/22/2022 11:08:53,01/22/2022 11:10:53,22100,203,22300,1,3.8,,,,,,,,,,,
,,,,,,,,,,,,,,,,,,,
A223,E20,Sample,01/22/2022 11:11:06,01/22/2022 11:39:14,44,False,True,False,240,29800,321,1.08,204,0.58,0.28,30000,321,1.07,
Rep #,Rejected,Start Time,End Time,TOC (ppb),IC (ppb),TC (ppb),Acid Rate (?L/min),Oxid Rate (?L/min),,,,,,,,,,,
1,,01/22/2022 11:11:06,01/22/2022 11:33:14,29100,200,29300,1,5.4,,,,,,,,,,,
2,,01/22/2022 11:33:14,01/22/2022 11:35:14,29900,203,30100,1,5.4,,,,,,,,,,,
3,,01/22/2022 11:35:14,01/22/2022 11:37:15,30000,204,30200,1,5.4,,,,,,,,,,,
4,,01/22/2022 11:37:15,01/22/2022 11:39:14,29400,204,29600,1,5.4,,,,,,,,,,,
,,,,,,,,,,,,,,,,,,,
A225,E20,Sample,01/22/2022 11:39:28,01/22/2022 12:07:39,45,False,True,False,240,23600,57.7,0.24,207,1,0.48,23800,57.7,0.24,
Rep #,Rejected,Start Time,End Time,TOC (ppb),IC (ppb),TC (ppb),Acid Rate (?L/min),Oxid Rate (?L/min),,,,,,,,,,,
1,,01/22/2022 11:39:28,01/22/2022 12:01:39,23400,203,23600,1,4,,,,,,,,,,,
2,,01/22/2022 12:01:39,01/22/2022 12:03:39,23600,207,23800,1,4,,,,,,,,,,,
3,,01/22/2022 12:03:39,01/22/2022 12:05:39,23500,206,23700,1,4,,,,,,,,,,,
4,,01/22/2022 12:05:39,01/22/2022 12:07:39,23600,208,23800,1,4,,,,,,,,,,,
,,,,,,,,,,,,,,,,,,,
A227,E20,Sample,01/22/2022 12:07:53,01/22/2022 12:36:02,46,False,True,False,240,31000,231,0.74,205,0.58,0.28,31200,231,0.74,
Rep #,Rejected,Start Time,End Time,TOC (ppb),IC (ppb),TC (ppb),Acid Rate (?L/min),Oxid Rate (?L/min),,,,,,,,,,,
1,,01/22/2022 12:07:53,01/22/2022 12:30:01,31200,202,31400,1,5.7,,,,,,,,,,,
2,,01/22/2022 12:30:01,01/22/2022 12:32:01,31300,205,31500,1,5.7,,,,,,,,,,,
3,,01/22/2022 12:32:01,01/22/2022 12:34:01,30900,205,31100,1,5.7,,,,,,,,,,,
4,,01/22/2022 12:34:01,01/22/2022 12:36:02,30900,206,31100,1,5.7,,,,,,,,,,,
,,,,,,,,,,,,,,,,,,,
A230,E20,Sample,01/22/2022 12:36:15,01/22/2022 13:04:26,47,False,True,False,240,27700,231,0.83,204,0.58,0.28,27900,231,0.83,
Rep #,Rejected,Start Time,End Time,TOC (ppb),IC (ppb),TC (ppb),Acid Rate (?L/min),Oxid Rate (?L/min),,,,,,,,,,,
1,,01/22/2022 12:36:15,01/22/2022 12:58:26,27400,200,27600,1,4.9,,,,,,,,,,,
2,,01/22/2022 12:58:26,01/22/2022 13:00:26,27800,203,28000,1,4.9,,,,,,,,,,,
3,,01/22/2022 13:00:26,01/22/2022 13:02:26,27800,204,28000,1,4.9,,,,,,,,,,,
4,,01/22/2022 13:02:26,01/22/2022 13:04:26,27400,204,27600,1,4.9,,,,,,,,,,,
,,,,,,,,,,,,,,,,,,,
A232,E20,Sample,01/22/2022 13:04:39,01/22/2022 13:32:50,48,False,True,False,240,30200,173,0.57,203,0.58,0.28,30400,173,0.57,
Rep #,Rejected,Start Time,End Time,TOC (ppb),IC (ppb),TC (ppb),Acid Rate (?L/min),Oxid Rate (?L/min),,,,,,,,,,,
1,,01/22/2022 13:04:39,01/22/2022 13:26:49,29900,198,30100,1,5.4,,,,,,,,,,,
2,,01/22/2022 13:26:49,01/22/2022 13:28:49,30000,202,30200,1,5.4,,,,,,,,,,,
3,,01/22/2022 13:28:49,01/22/2022 13:30:50,30300,203,30500,1,5.4,,,,,,,,,,,
4,,01/22/2022 13:30:50,01/22/2022 13:32:50,30300,203,30500,1,5.4,,,,,,,,,,,
,,,,,,,,,,,,,,,,,,,
A234,E20,Sample,01/22/2022 13:33:03,01/22/2022 14:01:14,49,False,True,False,240,33800,289,0.85,201,0.58,0.29,34000,289,0.85,
Rep #,Rejected,Start Time,End Time,TOC (ppb),IC (ppb),TC (ppb),Acid Rate (?L/min),Oxid Rate (?L/min),,,,,,,,,,,
1,,01/22/2022 13:33:03,01/22/2022 13:55:14,33300,198,33500,1,6.6,,,,,,,,,,,
2,,01/22/2022 13:55:14,01/22/2022 13:57:14,33500,201,33700,1,6.6,,,,,,,,,,,
3,,01/22/2022 13:57:14,01/22/2022 13:59:14,34000,201,34200,1,6.6,,,,,,,,,,,
4,,01/22/2022 13:59:14,01/22/2022 14:01:14,34000,202,34200,1,6.6,,,,,,,,,,,
,,,,,,,,,,,,,,,,,,,
A237,E20,Sample,01/22/2022 14:01:28,01/22/2022 14:29:41,50,False,True,False,240,17900,57.7,0.32,197,1,0.51,18100,57.7,0.32,
Rep #,Rejected,Start Time,End Time,TOC (ppb),IC (ppb),TC (ppb),Acid Rate (?L/min),Oxid Rate (?L/min),,,,,,,,,,,
1,,01/22/2022 14:01:28,01/22/2022 14:23:41,17800,194,18000,1,3,,,,,,,,,,,
2,,01/22/2022 14:23:41,01/22/2022 14:25:40,17900,196,18100,1,3,,,,,,,,,,,
3,,01/22/2022 14:25:40,01/22/2022 14:27:41,17900,198,18100,1,3,,,,,,,,,,,
4,,01/22/2022 14:27:41,01/22/2022 14:29:41,17800,197,18000,1,3,,,,,,,,,,,
,,,,,,,,,,,,,,,,,,,
A239,E20,Sample,01/22/2022 14:29:58,01/22/2022 14:58:06,51,False,True,False,240,27100,153,0.56,202,1.53,0.76,27300,153,0.56,
Rep #,Rejected,Start Time,End Time,TOC (ppb),IC (ppb),TC (ppb),Acid Rate (?L/min),Oxid Rate (?L/min),,,,,,,,,,,
1,,01/22/2022 14:29:58,01/22/2022 14:52:06,26900,199,27100,1,4.8,,,,,,,,,,,
2,,01/22/2022 14:52:06,01/22/2022 14:54:06,26900,200,27100,1,4.8,,,,,,,,,,,
3,,01/22/2022 14:54:06,01/22/2022 14:56:06,27200,202,27400,1,4.8,,,,,,,,,,,
4,,01/22/2022 14:56:06,01/22/2022 14:58:06,27100,203,27300,1,4.8,,,,,,,,,,,
,,,,,,,,,,,,,,,,,,,
A241,E20,Sample,01/22/2022 14:58:20,01/22/2022 15:26:30,52,False,True,False,240,19900,57.7,0.29,201,0.58,0.29,20100,57.7,0.29,
Rep #,Rejected,Start Time,End Time,TOC (ppb),IC (ppb),TC (ppb),Acid Rate (?L/min),Oxid Rate (?L/min),,,,,,,,,,,
1,,01/22/2022 14:58:20,01/22/2022 15:20:30,19800,198,20000,1,3.4,,,,,,,,,,,
2,,01/22/2022 15:20:30,01/22/2022 15:22:31,20000,201,20200,1,3.4,,,,,,,,,,,
3,,01/22/2022 15:22:31,01/22/2022 15:24:30,19900,201,20100,1,3.4,,,,,,,,,,,
4,,01/22/2022 15:24:30,01/22/2022 15:26:30,19900,202,20100,1,3.4,,,,,,,,,,,
,,,,,,,,,,,,,,,,,,,
Blank,blk,Blank,01/22/2022 15:26:44,01/22/2022 15:54:52,53,False,True,False,240,167,1.15,0.69,81.2,5.16,6.35,249,6.11,2.46,
Rep #,Rejected,Start Time,End Time,TOC (ppb),IC (ppb),TC (ppb),Acid Rate (?L/min),Oxid Rate (?L/min),,,,,,,,,,,
1,,01/22/2022 15:26:44,01/22/2022 15:48:52,154,77.9,232,0.3,0,,,,,,,,,,,
2,,01/22/2022 15:48:52,01/22/2022 15:50:52,168,86.2,254,0.3,0,,,,,,,,,,,
3,,01/22/2022 15:50:52,01/22/2022 15:52:52,168,81.6,250,0.3,0,,,,,,,,,,,
4,,01/22/2022 15:52:52,01/22/2022 15:54:52,166,75.9,242,0.3,0,,,,,,,,,,,
,,,,,,,,,,,,,,,,,,,
B143,E20,Sample,01/22/2022 15:55:06,01/22/2022 16:23:24,54,False,True,False,240,7550,30.6,0.4,258,2.52,0.97,7810,30.6,0.39,
Rep #,Rejected,Start Time,End Time,TOC (ppb),IC (ppb),TC (ppb),Acid Rate (?L/min),Oxid Rate (?L/min),,,,,,,,,,,
1,,01/22/2022 15:55:06,01/22/2022 16:17:24,7540,263,7800,1,1.5,,,,,,,,,,,
2,,01/22/2022 16:17:24,01/22/2022 16:19:24,7560,261,7820,1,1.5,,,,,,,,,,,
3,,01/22/2022 16:19:24,01/22/2022 16:21:25,7580,258,7840,1,1.5,,,,,,,,,,,
4,,01/22/2022 16:21:25,01/22/2022 16:23:24,7520,256,7780,1,1.5,,,,,,,,,,,
,,,,,,,,,,,,,,,,,,,
B146,E20,Sample,01/22/2022 16:23:38,01/22/2022 16:51:43,55,False,True,False,240,8320,23.1,0.28,210,0.58,0.27,8530,23.1,0.27,
Rep #,Rejected,Start Time,End Time,TOC (ppb),IC (ppb),TC (ppb),Acid Rate (?L/min),Oxid Rate (?L/min),,,,,,,,,,,
1,,01/22/2022 16:23:38,01/22/2022 16:45:43,8300,209,8510,1,1.6,,,,,,,,,,,
2,,01/22/2022 16:45:43,01/22/2022 16:47:43,8290,210,8500,1,1.6,,,,,,,,,,,
3,,01/22/2022 16:47:43,01/22/2022 16:49:43,8330,210,8540,1,1.6,,,,,,,,,,,
4,,01/22/2022 16:49:43,01/22/2022 16:51:43,8330,211,8540,1,1.6,,,,,,,,,,,
,,,,,,,,,,,,,,,,,,,
B148,E20,Sample,01/22/2022 16:51:57,01/22/2022 17:20:03,56,False,True,False,240,7290,11.5,0.16,209,1.15,0.55,7500,11.5,0.15,
Rep #,Rejected,Start Time,End Time,TOC (ppb),IC (ppb),TC (ppb),Acid Rate (?L/min),Oxid Rate (?L/min),,,,,,,,,,,
1,,01/22/2022 16:51:57,01/22/2022 17:14:02,7220,206,7430,1,1.4,,,,,,,,,,,
2,,01/22/2022 17:14:02,01/22/2022 17:16:02,7300,208,7510,1,1.4,,,,,,,,,,,
3,,01/22/2022 17:16:02,01/22/2022 17:18:02,7280,208,7490,1,1.4,,,,,,,,,,,
4,,01/22/2022 17:18:02,01/22/2022 17:20:03,7280,210,7490,1,1.4,,,,,,,,,,,
,,,,,,,,,,,,,,,,,,,
B150,E20,Sample,01/22/2022 17:20:16,01/22/2022 17:48:21,57,False,True,False,240,29100,57.7,0.2,198,1.15,0.58,29300,57.7,0.2,
Rep #,Rejected,Start Time,End Time,TOC (ppb),IC (ppb),TC (ppb),Acid Rate (?L/min),Oxid Rate (?L/min),,,,,,,,,,,
1,,01/22/2022 17:20:16,01/22/2022 17:42:21,28900,195,29100,1,5,,,,,,,,,,,
2,,01/22/2022 17:42:21,01/22/2022 17:44:21,29100,197,29300,1,5,,,,,,,,,,,
3,,01/22/2022 17:44:21,01/22/2022 17:46:21,29100,199,29300,1,5,,,,,,,,,,,
4,,01/22/2022 17:46:21,01/22/2022 17:48:21,29000,199,29200,1,5,,,,,,,,,,,
,,,,,,,,,,,,,,,,,,,
B153,E20,Sample,01/22/2022 17:48:34,01/22/2022 18:16:44,58,False,True,False,240,9400,5.77,0.06,216,1,0.46,9620,5.77,0.06,
Rep #,Rejected,Start Time,End Time,TOC (ppb),IC (ppb),TC (ppb),Acid Rate (?L/min),Oxid Rate (?L/min),,,,,,,,,,,
1,,01/22/2022 17:48:34,01/22/2022 18:10:44,9300,213,9510,1,1.8,,,,,,,,,,,
2,,01/22/2022 18:10:44,01/22/2022 18:12:44,9400,215,9620,1,1.8,,,,,,,,,,,
3,,01/22/2022 18:12:44,01/22/2022 18:14:44,9390,216,9610,1,1.8,,,,,,,,,,,
4,,01/22/2022 18:14:44,01/22/2022 18:16:44,9400,217,9620,1,1.8,,,,,,,,,,,
,,,,,,,,,,,,,,,,,,,
B155,E20,Sample,01/22/2022 18:16:58,01/22/2022 18:45:04,59,False,True,False,240,10100,< 0.03,< 0.03,208,0.58,0.28,10300,0,0,
Rep #,Rejected,Start Time,End Time,TOC (ppb),IC (ppb),TC (ppb),Acid Rate (?L/min),Oxid Rate (?L/min),,,,,,,,,,,
1,,01/22/2022 18:16:58,01/22/2022 18:39:04,9990,206,10200,1,1.9,,,,,,,,,,,
2,,01/22/2022 18:39:04,01/22/2022 18:41:04,10100,208,10300,1,1.9,,,,,,,,,,,
3,,01/22/2022 18:41:04,01/22/2022 18:43:04,10100,208,10300,1,1.9,,,,,,,,,,,
4,,01/22/2022 18:43:04,01/22/2022 18:45:04,10100,209,10300,1,1.9,,,,,,,,,,,
,,,,,,,,,,,,,,,,,,,
B157,E20,Sample,01/22/2022 18:45:18,01/22/2022 19:13:24,60,False,True,False,240,8830,30.6,0.35,251,2,0.8,9080,30.6,0.34,
Rep #,Rejected,Start Time,End Time,TOC (ppb),IC (ppb),TC (ppb),Acid Rate (?L/min),Oxid Rate (?L/min),,,,,,,,,,,
1,,01/22/2022 18:45:18,01/22/2022 19:07:24,8780,252,9030,1,1.7,,,,,,,,,,,
2,,01/22/2022 19:07:24,01/22/2022 19:09:24,8840,251,9090,1,1.7,,,,,,,,,,,
3,,01/22/2022 19:09:24,01/22/2022 19:11:24,8800,249,9050,1,1.7,,,,,,,,,,,
4,,01/22/2022 19:11:24,01/22/2022 19:13:24,8860,253,9110,1,1.7,,,,,,,,,,,
,,,,,,,,,,,,,,,,,,,
B160,E20,Sample,01/22/2022 19:13:40,01/22/2022 19:41:46,61,False,True,False,240,8800,20,0.23,218,0.58,0.27,9020,20,0.22,
Rep #,Rejected,Start Time,End Time,TOC (ppb),IC (ppb),TC (ppb),Acid Rate (?L/min),Oxid Rate (?L/min),,,,,,,,,,,
1,,01/22/2022 19:13:40,01/22/2022 19:35:46,8790,216,9010,1,1.7,,,,,,,,,,,
2,,01/22/2022 19:35:46,01/22/2022 19:37:46,8820,218,9040,1,1.7,,,,,,,,,,,
3,,01/22/2022 19:37:46,01/22/2022 19:39:46,8780,217,9000,1,1.7,,,,,,,,,,,
4,,01/22/2022 19:39:46,01/22/2022 19:41:46,8800,218,9020,1,1.7,,,,,,,,,,,
,,,,,,,,,,,,,,,,,,,
B162,E20,Sample,01/22/2022 19:42:00,01/22/2022 20:10:05,62,False,True,False,240,9070,46.2,0.51,250,1.15,0.46,9320,46.2,0.5,
Rep #,Rejected,Start Time,End Time,TOC (ppb),IC (ppb),TC (ppb),Acid Rate (?L/min),Oxid Rate (?L/min),,,,,,,,,,,
1,,01/22/2022 19:42:00,01/22/2022 20:04:05,8970,251,9220,1,1.8,,,,,,,,,,,
2,,01/22/2022 20:04:05,01/22/2022 20:06:05,9120,251,9370,1,1.8,,,,,,,,,,,
3,,01/22/2022 20:06:05,01/22/2022 20:08:05,9040,249,9290,1,1.8,,,,,,,,,,,
4,,01/22/2022 20:08:05,01/22/2022 20:10:05,9040,251,9290,1,1.8,,,,,,,,,,,
,,,,,,,,,,,,,,,,,,,
B164,E20,Sample,01/22/2022 20:10:19,01/22/2022 20:38:24,63,False,True,False,240,7900,56.9,0.72,225,0.58,0.26,8120,52.9,0.65,
Rep #,Rejected,Start Time,End Time,TOC (ppb),IC (ppb),TC (ppb),Acid Rate (?L/min),Oxid Rate (?L/min),,,,,,,,,,,
1,,01/22/2022 20:10:19,01/22/2022 20:32:24,7820,226,8050,1,1.5,,,,,,,,,,,
2,,01/22/2022 20:32:24,01/22/2022 20:34:25,7850,226,8080,1,1.5,,,,,,,,,,,
3,,01/22/2022 20:34:25,01/22/2022 20:36:25,7960,225,8180,1,1.5,,,,,,,,,,,
4,,01/22/2022 20:36:25,01/22/2022 20:38:24,7880,225,8100,1,1.5,,,,,,,,,,,
,,,,,,,,,,,,,,,,,,,
B167,E20,Sample,01/22/2022 20:38:38,01/22/2022 21:06:44,64,False,True,False,240,9480,15.3,0.16,216,0.58,0.27,9700,10,0.1,
Rep #,Rejected,Start Time,End Time,TOC (ppb),IC (ppb),TC (ppb),Acid Rate (?L/min),Oxid Rate (?L/min),,,,,,,,,,,
1,,01/22/2022 20:38:38,01/22/2022 21:00:44,9440,213,9650,1,1.8,,,,,,,,,,,
2,,01/22/2022 21:00:44,01/22/2022 21:02:44,9500,215,9710,1,1.8,,,,,,,,,,,
3,,01/22/2022 21:02:44,01/22/2022 21:04:44,9480,216,9700,1,1.8,,,,,,,,,,,
4,,01/22/2022 21:04:44,01/22/2022 21:06:44,9470,216,9690,1,1.8,,,,,,,,,,,
,,,,,,,,,,,,,,,,,,,
B169,E20,Sample,01/22/2022 21:06:57,01/22/2022 21:35:03,65,False,True,False,240,9050,17.3,0.19,221,0,0,9270,17.3,0.19,
Rep #,Rejected,Start Time,End Time,TOC (ppb),IC (ppb),TC (ppb),Acid Rate (?L/min),Oxid Rate (?L/min),,,,,,,,,,,
1,,01/22/2022 21:06:57,01/22/2022 21:29:03,8970,221,9190,1,1.8,,,,,,,,,,,
2,,01/22/2022 21:29:03,01/22/2022 21:31:03,9040,221,9260,1,1.8,,,,,,,,,,,
3,,01/22/2022 21:31:03,01/22/2022 21:33:03,9070,221,9290,1,1.8,,,,,,,,,,,
4,,01/22/2022 21:33:03,01/22/2022 21:35:03,9040,221,9260,1,1.8,,,,,,,,,,,
,,,,,,,,,,,,,,,,,,,
Blank,blk,Blank,01/22/2022 21:35:17,01/22/2022 22:03:22,66,False,True,False,240,249,11.5,4.63,83.7,5.06,6.04,333,16.5,4.96,
Rep #,Rejected,Start Time,End Time,TOC (ppb),IC (ppb),TC (ppb),Acid Rate (?L/min),Oxid Rate (?L/min),,,,,,,,,,,
1,,01/22/2022 21:35:17,01/22/2022 21:57:22,243,87.7,331,0.3,0,,,,,,,,,,,
2,,01/22/2022 21:57:22,01/22/2022 21:59:22,260,88.9,349,0.3,0,,,,,,,,,,,
3,,01/22/2022 21:59:22,01/22/2022 22:01:22,250,83.4,333,0.3,0,,,,,,,,,,,
4,,01/22/2022 22:01:22,01/22/2022 22:03:22,237,78.8,316,0.3,0,,,,,,,,,,,
,,,,,,,,,,,,,,,,,,,
B171,E20,Sample,01/22/2022 22:03:35,01/22/2022 22:31:53,67,False,True,False,240,9000,15.3,0.17,956,22.6,2.37,9950,17.3,0.17,
Rep #,Rejected,Start Time,End Time,TOC (ppb),IC (ppb),TC (ppb),Acid Rate (?L/min),Oxid Rate (?L/min),,,,,,,,,,,
1,,01/22/2022 22:03:35,01/22/2022 22:25:53,8970,1010,9980,1,1.7,,,,,,,,,,,
2,,01/22/2022 22:25:53,01/22/2022 22:27:53,8980,980,9960,1,1.7,,,,,,,,,,,
3,,01/22/2022 22:27:53,01/22/2022 22:29:54,9010,953,9960,1,1.7,,,,,,,,,,,
4,,01/22/2022 22:29:54,01/22/2022 22:31:53,9000,935,9930,1,1.7,,,,,,,,,,,
,,,,,,,,,,,,,,,,,,,
B174,E20,Sample,01/22/2022 22:32:07,01/22/2022 23:00:12,68,False,True,False,240,10000,< 0.03,< 0.03,478,7.21,1.51,10500,0,0,
Rep #,Rejected,Start Time,End Time,TOC (ppb),IC (ppb),TC (ppb),Acid Rate (?L/min),Oxid Rate (?L/min),,,,,,,,,,,
1,,01/22/2022 22:32:07,01/22/2022 22:54:12,10000,504,10500,1,1.9,,,,,,,,,,,
2,,01/22/2022 22:54:12,01/22/2022 22:56:12,10000,484,10500,1,1.9,,,,,,,,,,,
3,,01/22/2022 22:56:12,01/22/2022 22:58:12,10000,470,10500,1,1.9,,,,,,,,,,,
4,,01/22/2022 22:58:12,01/22/2022 23:00:12,10000,480,10500,1,1.9,,,,,,,,,,,
,,,,,,,,,,,,,,,,,,,
B175,E20,Sample,01/22/2022 23:00:25,01/22/2022 23:28:31,69,False,True,False,240,25400,57.7,0.23,203,0.58,0.28,25600,57.7,0.23,
Rep #,Rejected,Start Time,End Time,TOC (ppb),IC (ppb),TC (ppb),Acid Rate (?L/min),Oxid Rate (?L/min),,,,,,,,,,,
1,,01/22/2022 23:00:25,01/22/2022 23:22:31,25400,200,25600,1,4.5,,,,,,,,,,,
2,,01/22/2022 23:22:31,01/22/2022 23:24:31,25300,203,25500,1,4.5,,,,,,,,,,,
3,,01/22/2022 23:24:31,01/22/2022 23:26:31,25400,202,25600,1,4.5,,,,,,,,,,,
4,,01/22/2022 23:26:31,01/22/2022 23:28:31,25400,203,25600,1,4.5,,,,,,,,,,,
,,,,,,,,,,,,,,,,,,,
B176,E20,Sample,01/22/2022 23:28:45,01/22/2022 23:56:55,70,False,True,False,240,26600,153,0.57,202,1,0.5,26800,153,0.57,
Rep #,Rejected,Start Time,End Time,TOC (ppb),IC (ppb),TC (ppb),Acid Rate (?L/min),Oxid Rate (?L/min),,,,,,,,,,,
1,,01/22/2022 23:28:45,01/22/2022 23:50:55,26400,200,26600,1,4.8,,,,,,,,,,,
2,,01/22/2022 23:50:55,01/22/2022 23:52:55,26600,201,26800,1,4.8,,,,,,,,,,,
3,,01/22/2022 23:52:55,01/22/2022 23:54:55,26500,202,26700,1,4.8,,,,,,,,,,,
4,,01/22/2022 23:54:55,01/22/2022 23:56:55,26800,203,27000,1,4.8,,,,,,,,,,,
,,,,,,,,,,,,,,,,,,,
B177,E20,Sample,01/22/2022 23:57:11,01/23/2022 00:25:20,71,False,True,False,240,14500,57.7,0.4,197,0,0,14700,57.7,0.39,
Rep #,Rejected,Start Time,End Time,TOC (ppb),IC (ppb),TC (ppb),Acid Rate (?L/min),Oxid Rate (?L/min),,,,,,,,,,,
1,,01/22/2022 23:57:11,01/23/2022 00:19:20,14500,194,14700,1,2.5,,,,,,,,,,,
2,,01/23/2022 00:19:20,01/23/2022 00:21:20,14600,197,14800,1,2.5,,,,,,,,,,,
3,,01/23/2022 00:21:20,01/23/2022 00:23:20,14500,197,14700,1,2.5,,,,,,,,,,,
4,,01/23/2022 00:23:20,01/23/2022 00:25:20,14500,197,14700,1,2.5,,,,,,,,,,,
,,,,,,,,,,,,,,,,,,,
B178,E20,Sample,01/23/2022 00:25:34,01/23/2022 00:53:41,72,False,True,False,240,15800,57.7,0.37,200,0.58,0.29,16000,57.7,0.36,
Rep #,Rejected,Start Time,End Time,TOC (ppb),IC (ppb),TC (ppb),Acid Rate (?L/min),Oxid Rate (?L/min),,,,,,,,,,,
1,,01/23/2022 00:25:34,01/23/2022 00:47:41,15700,197,15900,1,2.7,,,,,,,,,,,
2,,01/23/2022 00:47:41,01/23/2022 00:49:41,15800,199,16000,1,2.7,,,,,,,,,,,
3,,01/23/2022 00:49:41,01/23/2022 00:51:41,15800,200,16000,1,2.7,,,,,,,,,,,
4,,01/23/2022 00:51:41,01/23/2022 00:53:41,15700,200,15900,1,2.7,,,,,,,,,,,
,,,,,,,,,,,,,,,,,,,
B181,E20,Sample,01/23/2022 00:53:54,01/23/2022 01:22:01,73,False,True,False,240,24300,57.7,0.24,202,1.15,0.57,24500,57.7,0.24,
Rep #,Rejected,Start Time,End Time,TOC (ppb),IC (ppb),TC (ppb),Acid Rate (?L/min),Oxid Rate (?L/min),,,,,,,,,,,
1,,01/23/2022 00:53:54,01/23/2022 01:16:01,24400,200,24600,1,4.3,,,,,,,,,,,
2,,01/23/2022 01:16:01,01/23/2022 01:18:01,24300,201,24500,1,4.3,,,,,,,,,,,
3,,01/23/2022 01:18:01,01/23/2022 01:20:01,24300,201,24500,1,4.3,,,,,,,,,,,
4,,01/23/2022 01:20:01,01/23/2022 01:22:01,24400,203,24600,1,4.3,,,,,,,,,,,
,,,,,,,,,,,,,,,,,,,
B183,E20,Sample,01/23/2022 01:22:15,01/23/2022 01:50:24,74,False,True,False,240,22600,115,0.51,235,1,0.43,22800,115,0.51,
Rep #,Rejected,Start Time,End Time,TOC (ppb),IC (ppb),TC (ppb),Acid Rate (?L/min),Oxid Rate (?L/min),,,,,,,,,,,
1,,01/23/2022 01:22:15,01/23/2022 01:44:24,22600,232,22800,1,3.8,,,,,,,,,,,
2,,01/23/2022 01:44:24,01/23/2022 01:46:24,22700,234,22900,1,3.8,,,,,,,,,,,
3,,01/23/2022 01:46:24,01/23/2022 01:48:24,22500,235,22700,1,3.8,,,,,,,,,,,
4,,01/23/2022 01:48:24,01/23/2022 01:50:24,22500,236,22700,1,3.8,,,,,,,,,,,
,,,,,,,,,,,,,,,,,,,
B185,E20,Sample,01/23/2022 01:50:37,01/23/2022 02:18:45,75,False,True,False,240,15000,57.7,0.38,207,0.58,0.28,15200,57.7,0.38,
Rep #,Rejected,Start Time,End Time,TOC (ppb),IC (ppb),TC (ppb),Acid Rate (?L/min),Oxid Rate (?L/min),,,,,,,,,,,
1,,01/23/2022 01:50:37,01/23/2022 02:12:45,15000,205,15200,1,2.6,,,,,,,,,,,
2,,01/23/2022 02:12:45,01/23/2022 02:14:45,15000,207,15200,1,2.6,,,,,,,,,,,
3,,01/23/2022 02:14:45,01/23/2022 02:16:45,15100,207,15300,1,2.6,,,,,,,,,,,
4,,01/23/2022 02:16:45,01/23/2022 02:18:45,15000,208,15200,1,2.6,,,,,,,,,,,
,,,,,,,,,,,,,,,,,,,
B188,E20,Sample,01/23/2022 02:18:58,01/23/2022 02:47:06,76,False,True,False,240,18000,< 0.03,< 0.03,199,0.58,0.29,18200,0,0,
Rep #,Rejected,Start Time,End Time,TOC (ppb),IC (ppb),TC (ppb),Acid Rate (?L/min),Oxid Rate (?L/min),,,,,,,,,,,
1,,01/23/2022 02:18:58,01/23/2022 02:41:06,17900,196,18100,1,3.1,,,,,,,,,,,
2,,01/23/2022 02:41:06,01/23/2022 02:43:06,18000,198,18200,1,3.1,,,,,,,,,,,
3,,01/23/2022 02:43:06,01/23/2022 02:45:06,18000,199,18200,1,3.1,,,,,,,,,,,
4,,01/23/2022 02:45:06,01/23/2022 02:47:06,18000,199,18200,1,3.1,,,,,,,,,,,
,,,,,,,,,,,,,,,,,,,
B190,E20,Sample,01/23/2022 02:47:19,01/23/2022 03:15:27,77,False,True,False,240,14500,57.7,0.4,200,0.58,0.29,14700,57.7,0.39,
Rep #,Rejected,Start Time,End Time,TOC (ppb),IC (ppb),TC (ppb),Acid Rate (?L/min),Oxid Rate (?L/min),,,,,,,,,,,
1,,01/23/2022 02:47:19,01/23/2022 03:09:27,14400,196,14600,1,2.5,,,,,,,,,,,
2,,01/23/2022 03:09:27,01/23/2022 03:11:27,14500,199,14700,1,2.5,,,,,,,,,,,
3,,01/23/2022 03:11:27,01/23/2022 03:13:27,14500,200,14700,1,2.5,,,,,,,,,,,
4,,01/23/2022 03:13:27,01/23/2022 03:15:27,14400,200,14600,1,2.5,,,,,,,,,,,
,,,,,,,,,,,,,,,,,,,
B192,E20,Sample,01/23/2022 03:15:40,01/23/2022 03:43:47,78,False,True,False,240,18700,100,0.53,201,0.58,0.29,18900,100,0.53,
Rep #,Rejected,Start Time,End Time,TOC (ppb),IC (ppb),TC (ppb),Acid Rate (?L/min),Oxid Rate (?L/min),,,,,,,,,,,
1,,01/23/2022 03:15:40,01/23/2022 03:37:47,18600,198,18800,1,3.2,,,,,,,,,,,
2,,01/23/2022 03:37:47,01/23/2022 03:39:47,18800,201,19000,1,3.2,,,,,,,,,,,
3,,01/23/2022 03:39:47,01/23/2022 03:41:48,18600,202,18800,1,3.2,,,,,,,,,,,
4,,01/23/2022 03:41:48,01/23/2022 03:43:47,18700,201,18900,1,3.2,,,,,,,,,,,
,,,,,,,,,,,,,,,,,,,
B195,E20,Sample,01/23/2022 03:44:01,01/23/2022 04:12:09,79,False,True,False,240,19100,100,0.52,201,0.58,0.29,19300,100,0.52,
Rep #,Rejected,Start Time,End Time,TOC (ppb),IC (ppb),TC (ppb),Acid Rate (?L/min),Oxid Rate (?L/min),,,,,,,,,,,
1,,01/23/2022 03:44:01,01/23/2022 04:06:09,19100,198,19300,1,3.3,,,,,,,,,,,
2,,01/23/2022 04:06:09,01/23/2022 04:08:09,19100,201,19300,1,3.3,,,,,,,,,,,
3,,01/23/2022 04:08:09,01/23/2022 04:10:09,19000,200,19200,1,3.3,,,,,,,,,,,
4,,01/23/2022 04:10:09,01/23/2022 04:12:09,19200,201,19400,1,3.3,,,,,,,,,,,
,,,,,,,,,,,,,,,,,,,
B197,E20,Sample,01/23/2022 04:12:23,01/23/2022 04:40:31,80,False,True,False,240,12800,57.7,0.45,227,1.15,0.51,13000,57.7,0.44,
Rep #,Rejected,Start Time,End Time,TOC (ppb),IC (ppb),TC (ppb),Acid Rate (?L/min),Oxid Rate (?L/min),,,,,,,,,,,
1,,01/23/2022 04:12:23,01/23/2022 04:34:30,12800,227,13000,1,2.3,,,,,,,,,,,
2,,01/23/2022 04:34:30,01/23/2022 04:36:31,12800,228,13000,1,2.3,,,,,,,,,,,
3,,01/23/2022 04:36:31,01/23/2022 04:38:30,12900,226,13100,1,2.3,,,,,,,,,,,
4,,01/23/2022 04:38:30,01/23/2022 04:40:31,12800,228,13000,1,2.3,,,,,,,,,,,
,,,,,,,,,,,,,,,,,,,
B199,E20,Sample,01/23/2022 04:40:47,01/23/2022 05:08:53,81,False,True,False,240,32400,907,2.8,202,1,0.5,32600,907,2.78,
Rep #,Rejected,Start Time,End Time,TOC (ppb),IC (ppb),TC (ppb),Acid Rate (?L/min),Oxid Rate (?L/min),,,,,,,,,,,
1,,01/23/2022 04:40:47,01/23/2022 05:02:53,32600,199,32800,1,6.2,,,,,,,,,,,
2,,01/23/2022 05:02:53,01/23/2022 05:04:53,31400,201,31600,1,6.2,,,,,,,,,,,
3,,01/23/2022 05:04:53,01/23/2022 05:06:53,32800,202,33000,1,6.2,,,,,,,,,,,
4,,01/23/2022 05:06:53,01/23/2022 05:08:53,33100,203,33300,1,6.2,,,,,,,,,,,
,,,,,,,,,,,,,,,,,,,
B202,E20,Sample,01/23/2022 05:09:07,01/23/2022 05:37:18,82,False,True,False,240,21300,153,0.72,199,0,0,21500,153,0.71,
Rep #,Rejected,Start Time,End Time,TOC (ppb),IC (ppb),TC (ppb),Acid Rate (?L/min),Oxid Rate (?L/min),,,,,,,,,,,
1,,01/23/2022 05:09:07,01/23/2022 05:31:18,21200,196,21400,1,3.7,,,,,,,,,,,
2,,01/23/2022 05:31:18,01/23/2022 05:33:18,21500,199,21700,1,3.7,,,,,,,,,,,
3,,01/23/2022 05:33:18,01/23/2022 05:35:19,21300,199,21500,1,3.7,,,,,,,,,,,
4,,01/23/2022 05:35:19,01/23/2022 05:37:18,21200,199,21400,1,3.7,,,,,,,,,,,
,,,,,,,,,,,,,,,,,,,
B204,E20,Sample,01/23/2022 05:37:32,01/23/2022 06:05:40,83,False,True,False,240,21300,115,0.54,199,0.58,0.29,21500,115,0.54,
Rep #,Rejected,Start Time,End Time,TOC (ppb),IC (ppb),TC (ppb),Acid Rate (?L/min),Oxid Rate (?L/min),,,,,,,,,,,
1,,01/23/2022 05:37:32,01/23/2022 05:59:40,21400,196,21600,1,3.7,,,,,,,,,,,
2,,01/23/2022 05:59:40,01/23/2022 06:01:40,21400,199,21600,1,3.7,,,,,,,,,,,
3,,01/23/2022 06:01:40,01/23/2022 06:03:40,21200,199,21400,1,3.7,,,,,,,,,,,
4,,01/23/2022 06:03:40,01/23/2022 06:05:40,21400,200,21600,1,3.7,,,,,,,,,,,
,,,,,,,,,,,,,,,,,,,
B206,E20,Sample,01/23/2022 06:05:54,01/23/2022 06:34:03,84,False,True,False,240,25300,57.7,0.23,202,0.58,0.29,25500,57.7,0.23,
Rep #,Rejected,Start Time,End Time,TOC (ppb),IC (ppb),TC (ppb),Acid Rate (?L/min),Oxid Rate (?L/min),,,,,,,,,,,
1,,01/23/2022 06:05:54,01/23/2022 06:28:03,25300,199,25500,1,4.4,,,,,,,,,,,
2,,01/23/2022 06:28:03,01/23/2022 06:30:02,25400,201,25600,1,4.4,,,,,,,,,,,
3,,01/23/2022 06:30:02,01/23/2022 06:32:02,25300,202,25500,1,4.4,,,,,,,,,,,
4,,01/23/2022 06:32:02,01/23/2022 06:34:03,25300,202,25500,1,4.4,,,,,,,,,,,
,,,,,,,,,,,,,,,,,,,
B209,E20,Sample,01/23/2022 06:34:16,01/23/2022 07:02:26,85,False,True,False,240,27100,57.7,0.21,205,1.15,0.56,27300,57.7,0.21,
Rep #,Rejected,Start Time,End Time,TOC (ppb),IC (ppb),TC (ppb),Acid Rate (?L/min),Oxid Rate (?L/min),,,,,,,,,,,
1,,01/23/2022 06:34:16,01/23/2022 06:56:26,26900,202,27100,1,4.9,,,,,,,,,,,
2,,01/23/2022 06:56:26,01/23/2022 06:58:26,27000,204,27200,1,4.9,,,,,,,,,,,
3,,01/23/2022 06:58:26,01/23/2022 07:00:26,27100,206,27300,1,4.9,,,,,,,,,,,
4,,01/23/2022 07:00:26,01/23/2022 07:02:26,27100,206,27300,1,4.9,,,,,,,,,,,
,,,,,,,,,,,,,,,,,,,
B210,E20,Sample,01/23/2022 07:02:39,01/23/2022 07:30:50,86,False,True,False,240,24800,57.7,0.23,203,0.58,0.28,25000,57.7,0.23,
Rep #,Rejected,Start Time,End Time,TOC (ppb),IC (ppb),TC (ppb),Acid Rate (?L/min),Oxid Rate (?L/min),,,,,,,,,,,
1,,01/23/2022 07:02:39,01/23/2022 07:24:49,24500,200,24700,1,4.3,,,,,,,,,,,
2,,01/23/2022 07:24:49,01/23/2022 07:26:50,24800,203,25000,1,4.3,,,,,,,,,,,
3,,01/23/2022 07:26:50,01/23/2022 07:28:49,24700,203,24900,1,4.3,,,,,,,,,,,
4,,01/23/2022 07:28:49,01/23/2022 07:30:50,24800,204,25000,1,4.3,,,,,,,,,,,
,,,,,,,,,,,,,,,,,,,
B211,E20,Sample,01/23/2022 07:31:03,01/23/2022 07:59:13,87,False,True,False,240,18500,100,0.54,204,1.15,0.57,18700,100,0.53,
Rep #,Rejected,Start Time,End Time,TOC (ppb),IC (ppb),TC (ppb),Acid Rate (?L/min),Oxid Rate (?L/min),,,,,,,,,,,
1,,01/23/2022 07:31:03,01/23/2022 07:53:13,18400,200,18600,1,3.2,,,,,,,,,,,
2,,01/23/2022 07:53:13,01/23/2022 07:55:13,18500,203,18700,1,3.2,,,,,,,,,,,
3,,01/23/2022 07:55:13,01/23/2022 07:57:13,18400,203,18600,1,3.2,,,,,,,,,,,
4,,01/23/2022 07:57:13,01/23/2022 07:59:13,18600,205,18800,1,3.2,,,,,,,,,,,
,,,,,,,,,,,,,,,,,,,
B212,E20,Sample,01/23/2022 07:59:27,01/23/2022 08:27:35,88,False,True,False,240,18400,57.7,0.31,201,0,0,18600,57.7,0.31,
Rep #,Rejected,Start Time,End Time,TOC (ppb),IC (ppb),TC (ppb),Acid Rate (?L/min),Oxid Rate (?L/min),,,,,,,,,,,
1,,01/23/2022 07:59:27,01/23/2022 08:21:34,18300,198,18500,1,3.1,,,,,,,,,,,
2,,01/23/2022 08:21:34,01/23/2022 08:23:35,18400,201,18600,1,3.1,,,,,,,,,,,
3,,01/23/2022 08:23:35,01/23/2022 08:25:34,18300,201,18500,1,3.1,,,,,,,,,,,
4,,01/23/2022 08:25:34,01/23/2022 08:27:35,18400,201,18600,1,3.1,,,,,,,,,,,
,,,,,,,,,,,,,,,,,,,
B213,E20,Sample,01/23/2022 08:27:48,01/23/2022 08:55:56,89,False,True,False,240,16400,57.7,0.35,199,0.58,0.29,16600,57.7,0.35,
Rep #,Rejected,Start Time,End Time,TOC (ppb),IC (ppb),TC (ppb),Acid Rate (?L/min),Oxid Rate (?L/min),,,,,,,,,,,
1,,01/23/2022 08:27:48,01/23/2022 08:49:56,16500,196,16700,1,2.8,,,,,,,,,,,
2,,01/23/2022 08:49:56,01/23/2022 08:51:56,16500,199,16700,1,2.8,,,,,,,,,,,
3,,01/23/2022 08:51:56,01/23/2022 08:53:56,16400,199,16600,1,2.8,,,,,,,,,,,
4,,01/23/2022 08:53:56,01/23/2022 08:55:56,16400,200,16600,1,2.8,,,,,,,,,,,
,,,,,,,,,,,,,,,,,,,
B216,E20,Sample,01/23/2022 08:56:10,01/23/2022 09:24:17,90,False,True,False,240,21600,100,0.46,201,1,0.5,21800,100,0.46,
Rep #,Rejected,Start Time,End Time,TOC (ppb),IC (ppb),TC (ppb),Acid Rate (?L/min),Oxid Rate (?L/min),,,,,,,,,,,
1,,01/23/2022 08:56:10,01/23/2022 09:18:18,21500,197,21700,1,3.7,,,,,,,,,,,
2,,01/23/2022 09:18:18,01/23/2022 09:20:17,21600,200,21800,1,3.7,,,,,,,,,,,
3,,01/23/2022 09:20:17,01/23/2022 09:22:17,21500,201,21700,1,3.7,,,,,,,,,,,
4,,01/23/2022 09:22:17,01/23/2022 09:24:17,21700,202,21900,1,3.7,,,,,,,,,,,
,,,,,,,,,,,,,,,,,,,
B218,E20,Sample,01/23/2022 09:24:33,01/23/2022 09:52:41,91,False,True,False,240,26800,100,0.37,202,1,0.5,27000,100,0.37,
Rep #,Rejected,Start Time,End Time,TOC (ppb),IC (ppb),TC (ppb),Acid Rate (?L/min),Oxid Rate (?L/min),,,,,,,,,,,
1,,01/23/2022 09:24:33,01/23/2022 09:46:41,26900,200,27100,1,4.7,,,,,,,,,,,
2,,01/23/2022 09:46:41,01/23/2022 09:48:41,26900,201,27100,1,4.7,,,,,,,,,,,
3,,01/23/2022 09:48:41,01/23/2022 09:50:41,26800,203,27000,1,4.7,,,,,,,,,,,
4,,01/23/2022 09:50:41,01/23/2022 09:52:41,26700,202,26900,1,4.7,,,,,,,,,,,
,,,,,,,,,,,,,,,,,,,
Blank,blk,Blank,01/23/2022 09:52:55,01/23/2022 10:21:04,92,False,True,False,240,220,3,1.36,99.1,4.19,4.22,319,7.21,2.26,
Rep #,Rejected,Start Time,End Time,TOC (ppb),IC (ppb),TC (ppb),Acid Rate (?L/min),Oxid Rate (?L/min),,,,,,,,,,,
1,,01/23/2022 09:52:55,01/23/2022 10:15:04,204,89.6,294,0.3,0,,,,,,,,,,,
2,,01/23/2022 10:15:04,01/23/2022 10:17:05,220,101,321,0.3,0,,,,,,,,,,,
3,,01/23/2022 10:17:05,01/23/2022 10:19:04,223,102,325,0.3,0,,,,,,,,,,,
4,,01/23/2022 10:19:04,01/23/2022 10:21:04,217,94.3,311,0.3,0,,,,,,,,,,,
,,,,,,,,,,,,,,,,,,,
B220,E20,Sample,01/23/2022 10:21:18,01/23/2022 10:49:36,93,False,True,False,240,24600,115,0.47,200,1,0.5,24800,115,0.47,
Rep #,Rejected,Start Time,End Time,TOC (ppb),IC (ppb),TC (ppb),Acid Rate (?L/min),Oxid Rate (?L/min),,,,,,,,,,,
1,,01/23/2022 10:21:18,01/23/2022 10:43:36,24400,197,24600,1,4.3,,,,,,,,,,,
2,,01/23/2022 10:43:36,01/23/2022 10:45:36,24500,199,24700,1,4.3,,,,,,,,,,,
3,,01/23/2022 10:45:36,01/23/2022 10:47:36,24700,201,24900,1,4.3,,,,,,,,,,,
4,,01/23/2022 10:47:36,01/23/2022 10:49:36,24500,200,24700,1,4.3,,,,,,,,,,,
,,,,,,,,,,,,,,,,,,,
B223,E20,Sample,01/23/2022 10:49:49,01/23/2022 11:17:58,94,False,True,False,240,24200,100,0.41,198,0.58,0.29,24400,100,0.41,
Rep #,Rejected,Start Time,End Time,TOC (ppb),IC (ppb),TC (ppb),Acid Rate (?L/min),Oxid Rate (?L/min),,,,,,,,,,,
1,,01/23/2022 10:49:49,01/23/2022 11:11:58,24300,196,24500,1,4.2,,,,,,,,,,,
2,,01/23/2022 11:11:58,01/23/2022 11:13:58,24200,198,24400,1,4.2,,,,,,,,,,,
3,,01/23/2022 11:13:58,01/23/2022 11:15:59,24300,198,24500,1,4.2,,,,,,,,,,,
4,,01/23/2022 11:15:59,01/23/2022 11:17:58,24100,199,24300,1,4.2,,,,,,,,,,,
,,,,,,,,,,,,,,,,,,,
B225,E20,Sample,01/23/2022 11:18:12,01/23/2022 11:46:21,95,False,True,False,240,32700,208,0.64,202,0.58,0.29,32900,208,0.63,
Rep #,Rejected,Start Time,End Time,TOC (ppb),IC (ppb),TC (ppb),Acid Rate (?L/min),Oxid Rate (?L/min),,,,,,,,,,,
1,,01/23/2022 11:18:12,01/23/2022 11:40:21,32900,200,33100,1,6.1,,,,,,,,,,,
2,,01/23/2022 11:40:21,01/23/2022 11:42:21,32900,202,33100,1,6.1,,,,,,,,,,,
3,,01/23/2022 11:42:21,01/23/2022 11:44:21,32800,203,33000,1,6.1,,,,,,,,,,,
4,,01/23/2022 11:44:21,01/23/2022 11:46:21,32500,202,32700,1,6.1,,,,,,,,,,,
,,,,,,,,,,,,,,,,,,,
B227,E20,Sample,01/23/2022 11:46:34,01/23/2022 12:14:45,96,False,True,False,240,15700,100,0.64,201,0.58,0.29,15900,100,0.63,
Rep #,Rejected,Start Time,End Time,TOC (ppb),IC (ppb),TC (ppb),Acid Rate (?L/min),Oxid Rate (?L/min),,,,,,,,,,,
1,,01/23/2022 11:46:34,01/23/2022 12:08:45,15600,197,15800,1,2.7,,,,,,,,,,,
2,,01/23/2022 12:08:45,01/23/2022 12:10:46,15700,200,15900,1,2.7,,,,,,,,,,,
3,,01/23/2022 12:10:46,01/23/2022 12:12:45,15600,201,15800,1,2.7,,,,,,,,,,,
4,,01/23/2022 12:12:45,01/23/2022 12:14:45,15800,201,16000,1,2.7,,,,,,,,,,,
,,,,,,,,,,,,,,,,,,,
B230,E20,Sample,01/23/2022 12:14:59,01/23/2022 12:43:06,97,False,True,False,240,20700,153,0.74,206,1,0.49,20900,153,0.73,
Rep #,Rejected,Start Time,End Time,TOC (ppb),IC (ppb),TC (ppb),Acid Rate (?L/min),Oxid Rate (?L/min),,,,,,,,,,,
1,,01/23/2022 12:14:59,01/23/2022 12:37:06,20800,202,21000,1,3.6,,,,,,,,,,,
2,,01/23/2022 12:37:06,01/23/2022 12:39:06,20600,205,20800,1,3.6,,,,,,,,,,,
3,,01/23/2022 12:39:06,01/23/2022 12:41:06,20900,207,21100,1,3.6,,,,,,,,,,,
4,,01/23/2022 12:41:06,01/23/2022 12:43:06,20700,206,20900,1,3.6,,,,,,,,,,,
,,,,,,,,,,,,,,,,,,,
B232,E20,Sample,01/23/2022 12:43:19,01/23/2022 13:11:27,98,False,True,False,240,22000,100,0.45,205,0.58,0.28,22200,100,0.45,
Rep #,Rejected,Start Time,End Time,TOC (ppb),IC (ppb),TC (ppb),Acid Rate (?L/min),Oxid Rate (?L/min),,,,,,,,,,,
1,,01/23/2022 12:43:19,01/23/2022 13:05:27,21900,201,22100,1,3.7,,,,,,,,,,,
2,,01/23/2022 13:05:27,01/23/2022 13:07:27,21900,204,22100,1,3.7,,,,,,,,,,,
3,,01/23/2022 13:07:27,01/23/2022 13:09:28,22100,205,22300,1,3.7,,,,,,,,,,,
4,,01/23/2022 13:09:28,01/23/2022 13:11:27,22000,205,22200,1,3.7,,,,,,,,,,,
,,,,,,,,,,,,,,,,,,,
Blank,blk,Blank,01/23/2022 13:11:41,01/23/2022 13:39:49,99,False,True,False,240,238,4.58,1.93,94.4,5.31,5.62,333,10.1,3.03,
Rep #,Rejected,Start Time,End Time,TOC (ppb),IC (ppb),TC (ppb),Acid Rate (?L/min),Oxid Rate (?L/min),,,,,,,,,,,
1,,01/23/2022 13:11:41,01/23/2022 13:33:49,227,97.9,325,0.3,0,,,,,,,,,,,
2,,01/23/2022 13:33:49,01/23/2022 13:35:49,242,99.6,342,0.3,0,,,,,,,,,,,
3,,01/23/2022 13:35:49,01/23/2022 13:37:49,239,94.7,334,0.3,0,,,,,,,,,,,
4,,01/23/2022 13:37:49,01/23/2022 13:39:49,233,89,322,0.3,0,,,,,,,,,,,
